{"comment":"","charmap":{
"A":[["À",1.0],["Â",1.0],["'A",1.0,0],["-A",1.0,0],["À",1.0],["Â",1.0],["Æ",1.0]],
"a":[["à",1.0],["'a",1.0,0],["á",1.0,0],["'à",1.0,0],["'â",1.0,0],["â",1.0],["-a",1.0,0],["-à",1.0,0],["-â",1.0,0],["æ",1.0]],
"b": [["-b",1.0,0]],
"B": [["-B",1.0,0]],
"c":[["'c",1.0,0],["ç",1.0],["-c",1.0,0]],
"C":[["Ç",1.0],["-C",1.0,0]],
"d": [["-d",1.0,0]],
"D": [["-D",1.0,0]],
"e":[["'e",1.0,0],["'ê",1.0,0],["'è",1.0,0],["é",1.0],["ë",1.0],["è",1.0],["ê",1.0],["'é",1.0,0],["-e",1.0,0],["-é",1.0,0],["-ê",1.0,0]],
"E":[["È",1.0],["Ê",1.0],["'É",1.0,0],["'E",1.0,0],["É",1.0],["Ë",1.0],["-E",1.0,0],["-É",1.0,0],["-Ê",1.0,0]],
"f": [["-f",1.0,0]],
"F": [["-F",1.0,0]],
"g": [["-g",1.0,0]],
"G": [["-G",1.0,0]],
"h":[["'h",1.0,0],["-h",1.0,0]],
"H":[["'H",1.0,0],["-H",1.0,0]],
"I":[["'I",1.0,0],["Î",1.0],["Ï",1.0],["-I",1.0,0]],
"i":[["'î",1.0,0],["ï",1.0],["'i",1.0,0],["î",1.0],["-i",1.0,0]],
"j": [["-j",1.0,0]],
"J": [["-J",1.0,0]],
"k": [["-k",1.0,0]],
"K": [["-K",1.0,0]],
"l": [["-l",1.0,0]],
"L": [["-L",1.0,0]],
"m": [["-m",1.0,0]],
"M": [["-M",1.0,0]],
"n":[["'n",1.0,0],["-n",1.0,0]],
"N": [["-N",1.0,0],["'N",1.0,0]],
"o":[["'o",1.0,0],["ô",1.0],["'ô",1.0,0],["-o",1.0,0],["œ",1.0]],
"O":[["Ô",1.0],["'O",1.0,0],["'Ô",1.0,0],["-O",1.0,0],["Œ",1.0]],
"p": [["-p",1.0,0]],
"P": [["-P",1.0,0]],
"q": [["-q",1.0,0]],
"Q": [["-Q",1.0,0]],
"r": [["-r",1.0,0]],
"R": [["-R",1.0,0]],
"s": [["-s",1.0,0],["'s",1.0,0]],
"S": [["-S",1.0,0],["'S",1.0,0]],
"t": [["-t",1.0,0]],
"T": [["-T",1.0,0]],
"U":[["'U",1.0,0],["Û",1.0],["Ü",1.0],["Ù",1.0],["-U",1.0,0]],
"u":[["û",1.0],["'u",1.0,0],["ü",1.0],["ù",1.0],["-u",1.0,0]],
"v": [["-v",1.0,0]],
"V": [["-V",1.0,0]],
"w": [["-w",1.0,0]],
"W": [["-W",1.0,0]],
"y": [["ÿ",1.0],["-y",1.0,0],["'y",1.0,0]],
"Y": [["Ÿ",1.0],["-Y",1.0,0],["'Y",1.0,0]],
"z":[["'z",1.0,0],["-z",1.0,0]],
"Z": [["-Z",1.0,0],["'Z",1.0,0]]
},
	"multicharmap":{
		"oe":[["œ",1.0,0]],
		"Oe":[["Œ",1.0,0]],
		"OE":[["Œ",1.0,0]],
		"ae":[["æ",1.0,0]],
		"Ae":[["Æ",1.0,0]],
		"AE":[["Æ",1.0,0]]
	},
"name":"French (France)","variant":["fr","FR"],"version":[0,3],"local_name":"français (France)"}
